<?xml version="1.0" encoding="UTF-8"?>
<!DOCTYPE configuration PUBLIC "-//mybatis.org//DTD Config 3.0//EN"
"http://mybatis.org/dtd/mybatis-3-config.dtd">
<configuration>
<!-- 
	1. VO/DTO의 alias를 선언하여 XXXMapper.xml에서 사용하기 위해 선언, vo를 접근하기 위한 변수 선언
	2. XXXMapper.xml 선언
-->
	<typeAliases>
		<typeAlias alias="member" type="final_project.vo.Member"/>
		<typeAlias alias="issue" type="final_project.vo.Issue"/>
		<typeAlias alias="sch" type="final_project.vo.Search"/>
		<typeAlias alias="project" type="final_project.vo.Project"/>
		<typeAlias alias="task" type="final_project.vo.Task"/>
		<typeAlias alias="ifile" type="final_project.vo.Att_File"/>
	</typeAliases>
	<mappers>
		<mapper resource="resource/memberMapper.xml"/>
		<mapper resource="resource/issueMapper.xml"/>
		<mapper resource="resource/projectMapper.xml"/>
		<mapper resource="resource/taskMapper.xml"/>
		<mapper resource="resource/settingMapper.xml"/>
		<mapper resource="resource/myWorkMapper.xml"/>
		<mapper resource="resource/personAdMapper.xml"/>
	</mappers>
</configuration>