<?xml version="1.0" encoding="UTF-8"?>
<!DOCTYPE mapper
	PUBLIC "-//mybatis.org//DTD Mapper 3.0//EN"
	"http://mybatis.org/dtd/mybatis-3-mapper.dtd" >
<mapper namespace="final_project.dao.MyWorkDao">
	<resultMap type="project" id="projectRs"/>
	<resultMap type="task" id="taskRs"/>
	<resultMap type="issue" id="issueRs"/>
	
	<select id="getProject" resultMap="projectRs" parameterType="project">
		SELECT p.*
		FROM project p, task t
		WHERE p.pro_co = t.pro_co
		AND t.name = (SELECT name FROM MEMBER WHERE mem_co = #{ mem_co })
	</select>
	
	<select id="getTask" resultMap="taskRs" parameterType="task">
		SELECT t.*, m.name, (SELECT pro_title FROM project WHERE pro_co = ANY (SELECT t.pro_co FROM task WHERE m.mem_co = #{ mem_co })) pro_title
		FROM task t, MEMBER m
		WHERE t.mem_co = m.mem_co
		AND t.mem_co = #{ mem_co }
		AND m.name = (SELECT name FROM MEMBER WHERE mem_co = #{ mem_co })
	</select>
	
	<select id="getIssue" resultMap="issueRs" parameterType="issue">
		SELECT DECODE(TO_CHAR(SYSDATE, 'YYMMDD'), TO_CHAR(i.ins_date, 'YYMMDD'), 1, 0) nw, LEVEL, i.*
		FROM issue i, MEMBER m
		WHERE i.mem_co = #{ mem_co }
		AND m.name = (SELECT name FROM MEMBER WHERE mem_co = #{ mem_co })
		AND i.mem_co = m.mem_co
		START WITH i.refno = 0
		CONNECT BY PRIOR i.no = i.refno
		ORDER siblings BY i.no desc
	</select>
</mapper>