<?xml version="1.0" encoding="UTF-8"?>
<!DOCTYPE mapper
	PUBLIC "-//mybatis.org//DTD Mapper 3.0//EN"
	"http://mybatis.org/dtd/mybatis-3-mapper.dtd" >
<mapper namespace="final_project.dao.ProjectDao">
	<resultMap type="project" id="projectResult"/>
	<resultMap type="task" id="taskResult"/>
	
	<select id="plist" resultMap="projectResult" parameterType="sch">
		SELECT p.pro_co, m.name, p.PRO_title, p.PRO_date, p.last_date, p.pro_gress 
		FROM PROJECT p LEFT OUTER JOIN "MEMBER" m ON p.MEM_CO = m.MEM_CO
		WHERE 1=1
		<if test="schType == 'pro_title' and keyword != null and keyword != ''">
			AND p.pro_title LIKE '%'|| #{ keyword } ||'%'
		</if>
		<if test="schType == 'name' and keyword != null and keyword != ''">
			AND m.name LIKE '%'|| #{ keyword } ||'%'
		</if>
		order by pro_date DESC
	</select>
	
	<select id="getCount" resultType="int" parameterType="sch">
		SELECT COUNT(*)
		FROM project p, MEMBER m
		WHERE 1=1
		AND p.mem_co = m.MEM_CO
		<if test="keyword != null and keyword != ''">
			<if test="schType == 'pro_title'">
				AND p.pro_title LIKE '%'|| #{ keyword } ||'%'
			</if>
		</if>
		<if test="keyword != null and keyword != ''">
			<if test="schType == 'name'">
				AND m.name LIKE '%'|| #{ keyword } ||'%'
			</if>
		</if>
	</select>
	
	<!--  insert -->
	<insert id="insertProject" parameterType="project">
		INSERT INTO PROJECT
		VALUES('P-'||pro_seq.nextval, #{pro_title}, SYSDATE, #{last_date}, #{pro_gress}, (SELECT mem_co FROM member WHERE name = #{ name }))
	</insert>
	
	<select id="getProject" resultType="project" parameterType="String">
		SELECT p.pro_co, m.name, p.PRO_title, p.PRO_date, p.last_date, p.pro_gress
		FROM PROJECT p LEFT OUTER JOIN MEMBER m ON p.MEM_CO = m.MEM_CO
		WHERE p.pro_co = #{ pro_co }
	</select>
	
	<update id="updateProject" parameterType="project">
		UPDATE project
		SET pro_title = #{ pro_title }, name = #{ name }, pro_gress = #{ pro_gress }, last_date = #{ last_date }
		WHERE pro_co = #{ pro_co }
	</update>
	
	<select id="getProTask" resultMap="taskResult" parameterType="String">
		SELECT *
		FROM task
		WHERE pro_co = (SELECT pro_co FROM PROJECT WHERE pro_co = #{ pro_co })
		order by pro_statenum, TASK_RANK, DEADLINE
	</select>
</mapper>