<?xml version="1.0" encoding="UTF-8"?>
<!DOCTYPE mapper
	PUBLIC "-//mybatis.org//DTD Mapper 3.0//EN"
	"http://mybatis.org/dtd/mybatis-3-mapper.dtd" >
<mapper namespace="final_project.dao.SettingDao">

	<!-- pm list -->	
	<!-- public ArrayList<member> elist(); -->
	<resultMap type="member" id="memberResult"/>
	<select id="elist" resultMap="memberResult">
		SELECT mem_co,id,pass,name,job,phone,photo,admin_ck
		FROM MEMBER
		WHERE MEM_SORT='pm'
		<if test="schType=='id' and keyword != null and keyword !=''">
			AND id LIKE '%' || #{ keyword } || '%'
		</if>
		<if test="schType=='name' and keyword != null and keyword !=''">
			AND name LIKE '%' || #{ keyword } || '%'
		</if>
		ORDER BY mem_co ASC
	</select>
	
	<!-- 담당자 list -->	
	<!-- public ArrayList<Member> clist(); -->
	<resultMap type="member" id="customerResult"/>
	<select id="clist" resultMap="customerResult">
		SELECT mem_co,id,pass,name,job,phone
		FROM MEMBER
		WHERE MEM_SORT='member'
		ORDER BY mem_co ASC
	</select>
	
	<!-- void insertMember(Member insert); -->
	<insert id="insertMember" parameterType="member">
		 insert into MEMBER(mem_co,mem_sort,id,pass,name,job,phone,admin_ck)
		 values (
			 		'M-'||mem_seq.nextval,
			 		 #{mem_sort},
			 		 #{id},
			 		 #{pass},
			 		 null,
			 		 #{job},
			 		 null,			 		
			 		 <!--#{photo}-->
					 #{admin_ck}
				)
	</insert>	
	<!--public Member getMember(String id)-->
	<select id="getMember" resultType="member" parameterType="String">
		select mem_co,mem_sort,id,pass,name,job,phone,photo,admin_ck
		from member
		where id = #{id}
	</select>
	
	<!--public void updateMember(Member upt);-->
	<update id="updateMember" parameterType="member">
		update member
		   set pass = #{pass},
		       name = #{name},
		       job = #{job},
		       phone = #{phone}
				<!--photo=#{photo}-->	
	    where  id = #{id}
	</update>	
	
	<!--public void delMember(String id);-->
	<delete id="delMember" parameterType="String">
		DELETE FROM member
		WHERE id = #{id}
	</delete>
	
	<!--public void adMember(Member ad); -->
	<update id="adMember" parameterType="member">
		UPDATE MEMBER
		   SET ADMIN_CK = '1'
		 WHERE ADMIN_CK = '0'
		   AND ID = #{id}		 
	</update>
	
	<!--public void pmMember(Member pm);-->
	<update id="pmMember" parameterType="member">
		UPDATE MEMBER
		   SET ADMIN_CK='0'
		 WHERE ADMIN_CK='1'
		   AND ID= #{id}
	</update>
	
	<!--public int getCount(Search sch);-->
	<!--PM 총 데이터 수, 검색-->
	<select id="getCount" resultType="int" parameterType="sch">
		SELECT COUNT(*)
		 FROM  MEMBER
		WHERE  MEM_SORT='pm'
		<if test="keyword != null and keyword != ''">
			<if test="schType == 'id' ">
				AND id LIKE '%' || #{ keyword } || '%'
			</if>			 
		</if>
		<if test="keyword != null and keyword !='' ">
			<if test="schType == 'name' ">
				AND name LIKE '%' || #{ keyword } || '%'
			</if>
		</if>
		ORDER BY mem_co ASC
	</select>
	
	<!--public int getCount1(Search cch);-->
	<!--담당자 총 데이터 수, 검색-->
	<select id="getCount1" resultType="int" parameterType="sch">
		SELECT COUNT(*)
		 FROM  MEMBER
		WHERE  MEM_SORT='member'
		<if test="keyword != null and keyword != ''">
			<if test="schType == 'id' ">
				AND id LIKE '%'|| #{ keyword } ||'%'
			</if>			 
		</if>
		<if test="keyword != null and keyword !='' ">
			<if test="schType == 'name' ">
				AND name LIKE '%'|| #{ keyword } ||'%'
			</if>
		</if>
		<if test="keyword != null and keyword !='' ">
			<if test="schType == 'job' ">
				AND job LIKE '%'|| #{ keyword } ||'%'
			</if>
		</if>  
		ORDER BY mem_co ASC
	</select>
	
</mapper>