<?xml version="1.0" encoding="UTF-8"?>
<!DOCTYPE mapper
	PUBLIC "-//mybatis.org//DTD Mapper 3.0//EN"
	"http://mybatis.org/dtd/mybatis-3-mapper.dtd" >
<mapper namespace="final_project.dao.TaskDao">
	<resultMap type="task" id="taskResult"/>
	<resultMap type="project" id="projectResult"/>
	
	<select id="tlist" resultMap="taskResult" parameterType="sch">
		SELECT t.task_name, m.name, t.pro_state, t.sort, t.task_rank, t.task_sdate, t.deadline, t.task_co, p.PRO_CO, p.pro_title
		FROM task t 
			LEFT OUTER JOIN "MEMBER" m ON t.MEM_CO = m.MEM_CO
			LEFT OUTER JOIN project p ON t.PRO_CO = p.PRO_CO
		WHERE 1=1
		<if test="schType == 'task_name' and keyword != null and keyword != ''">
			AND t.task_name LIKE '%'|| #{ keyword } ||'%'
		</if>
		<if test="schType == 'name' and keyword != null and keyword != ''">
			AND m.name LIKE '%'|| #{ keyword } ||'%'
		</if>
		<if test="schType == 'pro_state' and keyword != null and keyword != ''">
			AND t.pro_state LIKE '%'|| #{ keyword } ||'%'
		</if>
		<if test="schType == 'sort' and keyword != null and keyword != ''">
			AND t.sort LIKE '%'|| #{ keyword } ||'%'
		</if>
		order by pro_statenum, TASK_RANK, DEADLINE
	</select>
	
	<select id="getCount" resultType="int" parameterType="sch">
		SELECT COUNT(*)
		FROM task t, MEMBER m
		WHERE 1=1
		AND t.mem_co = m.MEM_CO
		<if test="schType == 'task_name' and keyword != null and keyword != ''">
			AND t.task_name LIKE '%'|| #{ keyword } ||'%'
		</if>
		<if test="schType == 'name' and keyword != null and keyword != ''">
			AND m.name LIKE '%'|| #{ keyword } ||'%'
		</if>
		<if test="schType == 'pro_state' and keyword != null and keyword != ''">
			AND t.pro_state LIKE '%'|| #{ keyword } ||'%'
		</if>
		<if test="schType == 'sort' and keyword != null and keyword != ''">
			AND t.sort LIKE '%'|| #{ keyword } ||'%'
		</if>
	</select>
	
	<!-- 프로젝트 별 정렬 -->
	<select id="ptlist" resultMap="taskResult">
		SELECT t.PRO_STATE, t.task_rank, t.task_name, m.name, t.SORT,t.deadline, t.task_co, p.PRO_CO
			FROM task t
			LEFT OUTER JOIN "MEMBER" m ON t.MEM_CO = m.MEM_CO
			LEFT OUTER JOIN project p ON t.PRO_CO = p.PRO_CO
		WHERE t.PRO_CO= #{PRO_CO, jdbcType=VARCHAR}
		order by PRO_STATEnum, TASK_RANK
	</select>
	
	<!-- Task getTask(String task_co); -->
	<select id="getTask" resultType="task" parameterType="String">
		SELECT *
		FROM task t
		WHERE task_co = #{ task_co }
	</select>
	
	<select id="getProject" resultMap="projectResult" parameterType="project">
		SELECT *
		FROM PROJECT
	</select>
	
	<!-- 업무 입력 -->
	<insert id="insertTask" parameterType="task">
		INSERT INTO TASK
		VALUES(
			'T-'||task_seq.NEXTVAL, 
			(SELECT mem_co FROM member WHERE name = #{ name }), 
			(SELECT pro_co FROM project WHERE pro_title = #{ pro_title }), 
			#{ task_name },
			#{ pro_state },
			#{ pro_statenum },
			#{ sort },
			#{ task_rank },
			#{ difficulty },
			#{ task_sdate },
			#{ deadline }
		)		
	</insert>
	
	<update id="updateTask" parameterType="task">
		UPDATE TASK
		SET pro_title = #{ pro_title }, name = #{ name }, task_rank = #{ task_rank }, 
			task_name = #{ task_name }, sort = #{ sort }, pro_state = #{ pro_state }, 
			pro_statenum = #{ pro_statenum }, difficulty = #{ difficulty }, 
			task_sdate = #{ task_sdate }, deadline = #{ deadline }
		WHERE task_co = #{ task_co }	
	</update>
	
</mapper>