<?xml version="1.0" encoding="UTF-8"?>
<!-- 
	# xml file의 구조
	1. 사용될 tag의 이름과 속성, 값에 대해 선언하는 dtd 파일과 실제 선언된 내용을 기준으로 tag를 활용하는 파일로 되어있다.
		결국 dtd에서 사용될 tag의 형식을 선언하고,
	2. 이를 포함한 xml에서는 선언된 tag를 사용한다.
-->
<beans xmlns="http://www.springframework.org/schema/beans"
	xmlns:task="http://www.springframework.org/schema/task" 
	xmlns:aop="http://www.springframework.org/schema/aop" 
	xmlns:context="http://www.springframework.org/schema/context"
	xmlns:mvc="http://www.springframework.org/schema/mvc"
	xmlns:p="http://www.springframework.org/schema/p"
	xmlns:c="http://www.springframework.org/schema/c"
	xmlns:xsi="http://www.w3.org/2001/XMLSchema-instance"
	xmlns:util="http://www.springframework.org/schema/util"
	xmlns:websocket="http://www.springframework.org/schema/websocket"
	xsi:schemaLocation="http://www.springframework.org/schema/beans
						http://www.springframework.org/schema/beans/spring-beans-4.0.xsd
				        http://www.springframework.org/schema/aop
				        http://www.springframework.org/schema/aop/spring-aop-4.0.xsd
				        http://www.springframework.org/schema/context
				        http://www.springframework.org/schema/context/spring-context-4.0.xsd
				        http://www.springframework.org/schema/mvc
						http://www.springframework.org/schema/mvc/spring-mvc-4.0.xsd     
						http://www.springframework.org/schema/util
						http://www.springframework.org/schema/util/spring-util-4.0.xsd
						http://www.springframework.org/schema/websocket
						http://www.springframework.org/schema/websocket/spring-websocket.xsd
						http://www.springframework.org/schema/task
						http://www.springframework.org/schema/task/spring-task.xsd" >
						
	<!--
		등록된 클래스를 tomcat이 start하면서 로딩이 된다.
		A01_StartController c = new A01_StartController();
		xml의 container에서 객체를 생성하고, 활용하는 방법에 익숙해져야 한다.
		1. 메서드
		2. 생성자
		3. 다른 객체들 간의 관계를 어떻게 선언할지?
		4. 객체 생성 방법(기존)
			Person p = new Person();
			Woman w = new Woman();
			p.setWoman(w);
			- 배열 할당
			- 상속 처리
		5. 객체 생성 방법(spring container)
			xml단 선언 - xml 객체 생성문법을 통해서 생성과 활용
		6. 추가적으로 spring에서 지원하는 여러가지 프로그래밍에 편리한 기능을 제공
			- life cycle로 처리되는 내용
			- autowire를 통해서 자동 객체간의 할당
			- 여러가지 설정 처리
			- 다른 프레임워크의 효율적 사용
	-->
	<!--  
	<bean class="web_spring.ex01_start.A01_StartController"/>
	<bean class="web_spring.ex01_start.A02_ExpController"/>
	<bean class="web_spring.ex01_start.A03_ExpController"/>
	<bean class="web_spring.ex03_ajax.A01_AjaxController"/>
	
	# annotation 패턴으로 정의된 내용을 자동 등록하게 설정
		1. context:component-scan basic-package="기본 패키지"
		2. type: "regex" - 정규식 표현으로 해당 행식을 지정
					"annotation" - @Controller @Service @Repository 를 기준으로 등록하여 처리
	-->
	<context:component-scan base-package="final_project">
		<context:include-filter type="annotation" expression="org.springframework.stereotype.Controller"/>
		<context:include-filter type="annotation" expression="org.springframework.stereotype.Service"/>
		<context:include-filter type="annotation" expression="org.springframework.stereotype.Repository"/>
	</context:component-scan>
	<!-- source에서 annotation 설정처리 (autowired) -->
	<context:annotation-config/>
	<!-- 
		공통 정보 설정 로딩
		해당 파일의 내용을 key=value로 가져올 수 있다.
		xml과 java 클래스에서 위에 설정된 key를 이용해서 활용할 수 있다.
		1. DB 정보
		2. 파일 서버 위치 정보
		3. 메일 서버 정보
		위 내용을 개발/운영 분리해서 설정하여 활용한다.
	-->
	<context:property-placeholder location="classpath:/resource/setting_info"/>
	<!-- 
		ViewResolver
		1. jsp
		2. json/파일 업로드 처리
	-->
	
	<!-- bean이 선언되어 있으면 해당 bean View를 선택하게 처리 -->
	<bean id="btnViewResolver" class="org.springframework.web.servlet.view.BeanNameViewResolver" 
		p:order="0"/>
	<!-- jsp 화면단면 호출 처리 (View 선택 우선순위 2번째) -->
	<bean class="org.springframework.web.servlet.view.InternalResourceViewResolver" p:order="1"/>
	<!-- 
		json 데이터를 처리해주는 bean
			1. model에 있는 java 객체를 json 형식으로 변경 처리
				class Person { name ... age } new Person {"홍길동", 25} -> { "name": "홍길동", "age": 25 }
			2. 한글 데이터도 서버에서 보낼 때 ending, 서버에서 클라이언트로 보낼 때 decoding
	-->
	<bean id="pageJsonReport" class="org.springframework.web.servlet.view.json.MappingJacksonJsonView" 
		p:contentType="text/html;charset=utf-8"/>
	<!-- 스프링에서 지원하는 파일 업로드 객체 -->
	<bean id="multipartResolver" 
		class="org.springframework.web.multipart.commons.CommonsMultipartResolver"/>
	<!-- 파일 다운로드 view 등록, view: downloadViewer, 모델명: downloadFile -->
	<bean id="downloadViewer" class="final_project.viewer.DownloadViewer"/>
	
	<!-- 
		DB access 정보 처리
	-->
	<bean id="dataSource" class="org.apache.commons.dbcp.BasicDataSource" destroy-method="close">
		<property name="driverClassName" value="${db_driver}"/>
		<property name="url" value="${db_ip}"/>
		<property name="username" value="${db_id}"/>
		<property name="password" value="${db_pass}"/>
	</bean>
	<!-- 
		Mybatis framework 설정 정보 처리
		1. dataSource를 설정 처리
		2. 공통 mybatis 설정 파일 xml 호출
		3. default dao interface 패키지 설정
	-->
	<bean id="sqlSessionFactory" class="org.mybatis.spring.SqlSessionFactoryBean">
		<property name="dataSource" ref="dataSource"/>
		<property name="configLocation" value="classpath:resource/mybatis.Spring.xml"/>
	</bean>
	<bean class="org.mybatis.spring.mapper.MapperScannerConfigurer" 
		p:basePackage="final_project.dao"/>
	
</beans>
